action_type,activity_comment,activity_id,activity_properties,assay_chembl_id,assay_description,assay_type,assay_variant_accession,assay_variant_mutation,bao_endpoint,bao_format,bao_label,canonical_smiles,data_validity_comment,data_validity_description,document_chembl_id,document_journal,document_year,ligand_efficiency,molecule_chembl_id,molecule_pref_name,parent_molecule_chembl_id,pchembl_value,potential_duplicate,qudt_units,record_id,relation,src_id,standard_flag,standard_relation,standard_text_value,standard_type,standard_units,standard_upper_value,standard_value,target_chembl_id,target_organism,target_pref_name,target_tax_id,text_value,toid,type,units,uo_units,upper_value,value
,,15072110,[],CHEMBL3387472,Inhibition of FRalpha (unknown origin) expressed in Chinese hamster RT16 cells assessed as cell growth inhibition incubated up to 96 hrs in presence of 200 nM folic acid by Celltiter-blue cell viability assay,B,,,BAO_0000190,BAO_0000219,cell-based format,Nc1nc2[nH]cc(CCc3ccc(C(=O)N[C@@H](CCC(=O)O)C(=O)O)cc3)c2c(=O)[nH]1,,,CHEMBL3351552,J Med Chem,2014,"{'bei': '15.00', 'le': '0.28', 'lle': '5.74', 'sei': '3.35'}",CHEMBL225072,PEMETREXED,CHEMBL225072,6.41,0,http://www.openphacts.org/units/Nanomolar,2258038,=,1,1,=,,IC50,nM,,388.0,CHEMBL2121,Homo sapiens,Folate receptor alpha,9606,,,IC50,nM,UO_0000065,,388.0
,,15072111,[],CHEMBL3387472,Inhibition of FRalpha (unknown origin) expressed in Chinese hamster RT16 cells assessed as cell growth inhibition incubated up to 96 hrs in presence of 200 nM folic acid by Celltiter-blue cell viability assay,B,,,BAO_0000190,BAO_0000219,cell-based format,CN(Cc1cnc2nc(N)nc(N)c2n1)c1ccc(C(=O)N[C@@H](CCC(=O)O)C(=O)O)cc1,,,CHEMBL3351552,J Med Chem,2014,"{'bei': '13.94', 'le': '0.26', 'lle': '6.07', 'sei': '3.01'}",CHEMBL34259,METHOTREXATE,CHEMBL34259,6.34,0,http://www.openphacts.org/units/Nanomolar,2258037,=,1,1,=,,IC50,nM,,461.0,CHEMBL2121,Homo sapiens,Folate receptor alpha,9606,,,IC50,nM,UO_0000065,,461.0
,,15072118,[],CHEMBL3387471,Inhibition of FRalpha (unknown origin) expressed in Chinese hamster RT16 cells assessed as cell growth inhibition incubated up to 96 hrs by Celltiter-blue cell viability assay,B,,,BAO_0000190,BAO_0000219,cell-based format,Cc1nc(=O)c2cc(CN(C)c3ccc(C(=O)N[C@@H](CCC(=O)O)C(=O)O)s3)ccc2[nH]1,,,CHEMBL3351552,J Med Chem,2014,"{'bei': '17.06', 'le': '0.33', 'lle': '5.84', 'sei': '5.12'}",CHEMBL225071,RALTITREXED,CHEMBL225071,7.82,1,http://www.openphacts.org/units/Nanomolar,2258039,=,1,1,=,,IC50,nM,,15.0,CHEMBL2121,Homo sapiens,Folate receptor alpha,9606,,,IC50,nM,UO_0000065,,15.0
,,15072121,[],CHEMBL3387471,Inhibition of FRalpha (unknown origin) expressed in Chinese hamster RT16 cells assessed as cell growth inhibition incubated up to 96 hrs by Celltiter-blue cell viability assay,B,,,BAO_0000190,BAO_0000219,cell-based format,CCC[C@H](NC(=O)c1ccc(CCCc2cc3c(=O)[nH]c(N)nc3[nH]2)s1)C(=O)O,,,CHEMBL3351552,J Med Chem,2014,"{'bei': '17.38', 'le': '0.34', 'lle': '5.20', 'sei': '4.71'}",CHEMBL3335607,,CHEMBL3335607,7.25,0,http://www.openphacts.org/units/Nanomolar,2258036,=,1,1,=,,IC50,nM,,55.7,CHEMBL2121,Homo sapiens,Folate receptor alpha,9606,,,IC50,nM,UO_0000065,,55.7
,,15072122,[],CHEMBL3387471,Inhibition of FRalpha (unknown origin) expressed in Chinese hamster RT16 cells assessed as cell growth inhibition incubated up to 96 hrs by Celltiter-blue cell viability assay,B,,,BAO_0000190,BAO_0000219,cell-based format,Nc1nc2[nH]c(CCCc3ccc(C(=O)NCCCC(=O)O)s3)cc2c(=O)[nH]1,,,CHEMBL3351552,J Med Chem,2014,"{'bei': '18.74', 'le': '0.37', 'lle': '5.90', 'sei': '4.91'}",CHEMBL3335606,,CHEMBL3335606,7.56,0,http://www.openphacts.org/units/Nanomolar,2258035,=,1,1,=,,IC50,nM,,27.4,CHEMBL2121,Homo sapiens,Folate receptor alpha,9606,,,IC50,nM,UO_0000065,,27.4
,,15072123,[],CHEMBL3387471,Inhibition of FRalpha (unknown origin) expressed in Chinese hamster RT16 cells assessed as cell growth inhibition incubated up to 96 hrs by Celltiter-blue cell viability assay,B,,,BAO_0000190,BAO_0000219,cell-based format,Nc1nc2[nH]c(CCCc3ccc(C(=O)N[C@@H](CCCC(=O)O)C(=O)O)s3)cc2c(=O)[nH]1,,,CHEMBL3351552,J Med Chem,2014,"{'bei': '17.38', 'le': '0.34', 'lle': '6.51', 'sei': '4.19'}",CHEMBL3335605,,CHEMBL3335605,8.02,0,http://www.openphacts.org/units/Nanomolar,2258034,=,1,1,=,,IC50,nM,,9.5,CHEMBL2121,Homo sapiens,Folate receptor alpha,9606,,,IC50,nM,UO_0000065,,9.5
,,15072124,[],CHEMBL3387471,Inhibition of FRalpha (unknown origin) expressed in Chinese hamster RT16 cells assessed as cell growth inhibition incubated up to 96 hrs by Celltiter-blue cell viability assay,B,,,BAO_0000190,BAO_0000219,cell-based format,Nc1nc2[nH]c(CCCc3ccc(C(=O)N[C@@H](CC(=O)O)C(=O)O)s3)cc2c(=O)[nH]1,,,CHEMBL3351552,J Med Chem,2014,"{'bei': '18.87', 'le': '0.37', 'lle': '7.45', 'sei': '4.28'}",CHEMBL3335604,,CHEMBL3335604,8.18,0,http://www.openphacts.org/units/Nanomolar,2258033,=,1,1,=,,IC50,nM,,6.6,CHEMBL2121,Homo sapiens,Folate receptor alpha,9606,,,IC50,nM,UO_0000065,,6.6
,,15072125,[],CHEMBL3387471,Inhibition of FRalpha (unknown origin) expressed in Chinese hamster RT16 cells assessed as cell growth inhibition incubated up to 96 hrs by Celltiter-blue cell viability assay,B,,,BAO_0000190,BAO_0000219,cell-based format,Nc1nc2[nH]c(CCCc3ccc(C(=O)O)s3)cc2c(=O)[nH]1,,,CHEMBL3351552,J Med Chem,2014,"{'bei': '19.41', 'le': '0.38', 'lle': '4.41', 'sei': '4.95'}",CHEMBL3335603,,CHEMBL3335603,6.18,0,http://www.openphacts.org/units/Nanomolar,2258032,=,1,1,=,,IC50,nM,,661.0,CHEMBL2121,Homo sapiens,Folate receptor alpha,9606,,,IC50,nM,UO_0000065,,661.0
,,15072126,[],CHEMBL3387471,Inhibition of FRalpha (unknown origin) expressed in Chinese hamster RT16 cells assessed as cell growth inhibition incubated up to 96 hrs by Celltiter-blue cell viability assay,B,,,BAO_0000190,BAO_0000219,cell-based format,Nc1nc2[nH]c(CCCc3ccc(C(=O)N[C@@H](CCC(=O)O)C(=O)O)s3)cc2c(=O)[nH]1,,,CHEMBL3351552,J Med Chem,2014,"{'bei': '21.25', 'le': '0.42', 'lle': '8.39', 'sei': '4.97'}",CHEMBL1834488,,CHEMBL1834488,9.51,1,http://www.openphacts.org/units/Nanomolar,2258031,=,1,1,=,,IC50,nM,,0.31,CHEMBL2121,Homo sapiens,Folate receptor alpha,9606,,,IC50,nM,UO_0000065,,0.31
,,15200004,[],CHEMBL3412691,Binding affinity to human FRalpha expressed in Chinese hamster RT16 cells assessed as cell growth inhibition after 96 hrs by CellTiter-Blue assay,B,,,BAO_0000190,BAO_0000219,cell-based format,Nc1nc2[nH]c(CCCCc3ccc(C(=O)N[C@@H](CCC(=O)O)C(=O)O)s3)cc2c(=O)[nH]1,,,CHEMBL3407468,J Med Chem,2015,"{'bei': '18.94', 'le': '0.37', 'lle': '7.23', 'sei': '4.57'}",CHEMBL590740,,CHEMBL590740,8.74,0,http://www.openphacts.org/units/Nanomolar,2287847,=,1,1,=,,IC50,nM,,1.82,CHEMBL2121,Homo sapiens,Folate receptor alpha,9606,,,IC50,nM,UO_0000065,,1.82
,,15200006,[],CHEMBL3412691,Binding affinity to human FRalpha expressed in Chinese hamster RT16 cells assessed as cell growth inhibition after 96 hrs by CellTiter-Blue assay,B,,,BAO_0000190,BAO_0000219,cell-based format,Nc1nc2[nH]cc(CCc3ccc(C(=O)N[C@@H](CCC(=O)O)C(=O)O)s3)c2c(=O)[nH]1,,,CHEMBL3407468,J Med Chem,2015,"{'bei': '14.44', 'le': '0.28', 'lle': '5.53', 'sei': '3.27'}",CHEMBL3407519,,CHEMBL3407519,6.26,0,http://www.openphacts.org/units/Nanomolar,2287849,=,1,1,=,,IC50,nM,,550.0,CHEMBL2121,Homo sapiens,Folate receptor alpha,9606,,,IC50,nM,UO_0000065,,550.0
,,15200007,[],CHEMBL3412691,Binding affinity to human FRalpha expressed in Chinese hamster RT16 cells assessed as cell growth inhibition after 96 hrs by CellTiter-Blue assay,B,,,BAO_0000190,BAO_0000219,cell-based format,Nc1nc2[nH]cc(CCCc3ccc(C(=O)N[C@@H](CCC(=O)O)C(=O)O)s3)c2c(=O)[nH]1,,,CHEMBL3407468,J Med Chem,2015,"{'bei': '15.56', 'le': '0.31', 'lle': '5.84', 'sei': '3.64'}",CHEMBL3409334,,CHEMBL3409334,6.96,0,http://www.openphacts.org/units/Nanomolar,2287850,=,1,1,=,,IC50,nM,,109.0,CHEMBL2121,Homo sapiens,Folate receptor alpha,9606,,,IC50,nM,UO_0000065,,109.0
,,15200008,[],CHEMBL3412691,Binding affinity to human FRalpha expressed in Chinese hamster RT16 cells assessed as cell growth inhibition after 96 hrs by CellTiter-Blue assay,B,,,BAO_0000190,BAO_0000219,cell-based format,Nc1nc2[nH]cc(CCCCc3ccc(C(=O)N[C@@H](CCC(=O)O)C(=O)O)s3)c2c(=O)[nH]1,,,CHEMBL3407468,J Med Chem,2015,"{'bei': '15.83', 'le': '0.31', 'lle': '5.80', 'sei': '3.82'}",CHEMBL3409335,,CHEMBL3409335,7.31,0,http://www.openphacts.org/units/Nanomolar,2287851,=,1,1,=,,IC50,nM,,49.3,CHEMBL2121,Homo sapiens,Folate receptor alpha,9606,,,IC50,nM,UO_0000065,,49.3
,,15200009,[],CHEMBL3412691,Binding affinity to human FRalpha expressed in Chinese hamster RT16 cells assessed as cell growth inhibition after 96 hrs by CellTiter-Blue assay,B,,,BAO_0000190,BAO_0000219,cell-based format,Nc1nc2[nH]cc(CCCCCc3ccc(C(=O)N[C@@H](CCC(=O)O)C(=O)O)s3)c2c(=O)[nH]1,,,CHEMBL3407468,J Med Chem,2015,"{'bei': '15.44', 'le': '0.30', 'lle': '5.44', 'sei': '3.84'}",CHEMBL3409336,,CHEMBL3409336,7.34,0,http://www.openphacts.org/units/Nanomolar,2287852,=,1,1,=,,IC50,nM,,45.5,CHEMBL2121,Homo sapiens,Folate receptor alpha,9606,,,IC50,nM,UO_0000065,,45.5
,,15753069,[],CHEMBL3632252,Binding affinity to human FRalpha expressed in Chinese hamster RT16 cells assessed as cell growth inhibition after 96 hrs by CellTiter-Blue assay,B,,,BAO_0000190,BAO_0000219,cell-based format,Nc1nc2[nH]c(CCCc3csc(C(=O)N[C@@H](CCC(=O)O)C(=O)O)c3)cc2c(=O)[nH]1,,,CHEMBL3627626,J Med Chem,2015,"{'bei': '21.19', 'le': '0.42', 'lle': '8.36', 'sei': '4.96'}",CHEMBL3628344,,CHEMBL3628344,9.48,1,http://www.openphacts.org/units/Nanomolar,2507295,=,1,1,=,,IC50,nM,,0.33,CHEMBL2121,Homo sapiens,Folate receptor alpha,9606,,,IC50,nM,UO_0000065,,0.33
,,15753070,[],CHEMBL3632252,Binding affinity to human FRalpha expressed in Chinese hamster RT16 cells assessed as cell growth inhibition after 96 hrs by CellTiter-Blue assay,B,,,BAO_0000190,BAO_0000219,cell-based format,Nc1nc(N)c2c(CCCc3csc(C(=O)N[C@@H](CCC(=O)O)C(=O)O)c3)coc2n1,,,CHEMBL3627626,J Med Chem,2015,"{'bei': '15.22', 'le': '0.30', 'lle': '5.14', 'sei': '3.50'}",CHEMBL3628345,,CHEMBL3628345,6.81,0,http://www.openphacts.org/units/Nanomolar,2507296,=,1,1,=,,IC50,nM,,154.0,CHEMBL2121,Homo sapiens,Folate receptor alpha,9606,,,IC50,nM,UO_0000065,,154.0
,,15753071,[],CHEMBL3632252,Binding affinity to human FRalpha expressed in Chinese hamster RT16 cells assessed as cell growth inhibition after 96 hrs by CellTiter-Blue assay,B,,,BAO_0000190,BAO_0000219,cell-based format,Nc1nc2[nH]c(CCCc3cc(C(=O)N[C@@H](CCC(=O)O)C(=O)O)cs3)cc2c(=O)[nH]1,,,CHEMBL3627626,J Med Chem,2015,"{'bei': '20.59', 'le': '0.41', 'lle': '8.09', 'sei': '4.82'}",CHEMBL3628346,,CHEMBL3628346,9.21,0,http://www.openphacts.org/units/Nanomolar,2507297,=,1,1,=,,IC50,nM,,0.61,CHEMBL2121,Homo sapiens,Folate receptor alpha,9606,,,IC50,nM,UO_0000065,,0.61
,,15753072,[],CHEMBL3632252,Binding affinity to human FRalpha expressed in Chinese hamster RT16 cells assessed as cell growth inhibition after 96 hrs by CellTiter-Blue assay,B,,,BAO_0000190,BAO_0000219,cell-based format,Nc1nc(N)c2c(CCCc3cc(C(=O)N[C@@H](CCC(=O)O)C(=O)O)cs3)coc2n1,,,CHEMBL3627626,J Med Chem,2015,"{'bei': '15.26', 'le': '0.30', 'lle': '5.16', 'sei': '3.51'}",CHEMBL3628347,,CHEMBL3628347,6.83,0,http://www.openphacts.org/units/Nanomolar,2507298,=,1,1,=,,IC50,nM,,148.0,CHEMBL2121,Homo sapiens,Folate receptor alpha,9606,,,IC50,nM,UO_0000065,,148.0
,,18527745,[],CHEMBL4194629,Binding affinity to human FR-alpha receptor expressed in Chinese hamster RT16 cells assessed as antiproliferative activity measured as reduction in cell viability after 96 hrs by Cell-Titer Blue assay,B,,,BAO_0000190,BAO_0000219,cell-based format,Nc1nc2[nH]c(CCCCc3ccc(C(=O)N[C@@H](CCC(=O)O)C(=O)O)cc3)cc2c(=O)[nH]1,,,CHEMBL4190373,J Med Chem,2018,"{'bei': '18.00', 'le': '0.34', 'lle': '6.75', 'sei': '4.29'}",CHEMBL365307,,CHEMBL365307,8.20,1,http://www.openphacts.org/units/Nanomolar,3076245,=,1,1,=,,IC50,nM,,6.3,CHEMBL2121,Homo sapiens,Folate receptor alpha,9606,,,IC50,nM,UO_0000065,,6.3
,,18527746,[],CHEMBL4194629,Binding affinity to human FR-alpha receptor expressed in Chinese hamster RT16 cells assessed as antiproliferative activity measured as reduction in cell viability after 96 hrs by Cell-Titer Blue assay,B,,,BAO_0000190,BAO_0000219,cell-based format,Nc1nc2[nH]c(CCCCc3ccc(C(=O)N[C@@H](CCC(=O)O)C(=O)O)cn3)cc2c(=O)[nH]1,,,CHEMBL4190373,J Med Chem,2018,"{'bei': '17.14', 'le': '0.32', 'lle': '6.98', 'sei': '3.83'}",CHEMBL4205344,,CHEMBL4205344,7.82,0,http://www.openphacts.org/units/Nanomolar,3076246,=,1,1,=,,IC50,nM,,15.02,CHEMBL2121,Homo sapiens,Folate receptor alpha,9606,,,IC50,nM,UO_0000065,,15.02
,,18527747,[],CHEMBL4194629,Binding affinity to human FR-alpha receptor expressed in Chinese hamster RT16 cells assessed as antiproliferative activity measured as reduction in cell viability after 96 hrs by Cell-Titer Blue assay,B,,,BAO_0000190,BAO_0000219,cell-based format,Nc1nc2[nH]c(CCCCc3ccc(C(=O)N[C@@H](CCC(=O)O)C(=O)O)nc3)cc2c(=O)[nH]1,,,CHEMBL4190373,J Med Chem,2018,"{'bei': '19.49', 'le': '0.37', 'lle': '8.06', 'sei': '4.36'}",CHEMBL4214638,,CHEMBL4214638,8.90,1,http://www.openphacts.org/units/Nanomolar,3076247,=,1,1,=,,IC50,nM,,1.27,CHEMBL2121,Homo sapiens,Folate receptor alpha,9606,,,IC50,nM,UO_0000065,,1.27
,,18527748,[],CHEMBL4194629,Binding affinity to human FR-alpha receptor expressed in Chinese hamster RT16 cells assessed as antiproliferative activity measured as reduction in cell viability after 96 hrs by Cell-Titer Blue assay,B,,,BAO_0000190,BAO_0000219,cell-based format,Nc1nc2[nH]c(CCCCc3cccc(C(=O)N[C@@H](CCC(=O)O)C(=O)O)n3)cc2c(=O)[nH]1,,,CHEMBL4190373,J Med Chem,2018,"{'bei': '14.74', 'le': '0.28', 'lle': '5.89', 'sei': '3.30'}",CHEMBL4209721,,CHEMBL4209721,6.73,0,http://www.openphacts.org/units/Nanomolar,3076248,=,1,1,=,,IC50,nM,,186.0,CHEMBL2121,Homo sapiens,Folate receptor alpha,9606,,,IC50,nM,UO_0000065,,186.0
,,18527749,[],CHEMBL4194629,Binding affinity to human FR-alpha receptor expressed in Chinese hamster RT16 cells assessed as antiproliferative activity measured as reduction in cell viability after 96 hrs by Cell-Titer Blue assay,B,,,BAO_0000190,BAO_0000219,cell-based format,Nc1nc2[nH]c(CCC#Cc3ccc(C(=O)N[C@@H](CCC(=O)O)C(=O)O)cn3)cc2c(=O)[nH]1,,,CHEMBL4190373,J Med Chem,2018,"{'bei': '14.03', 'le': '0.26', 'lle': '6.09', 'sei': '3.11'}",CHEMBL4218109,,CHEMBL4218109,6.35,0,http://www.openphacts.org/units/Nanomolar,3076249,=,1,1,=,,IC50,nM,,449.0,CHEMBL2121,Homo sapiens,Folate receptor alpha,9606,,,IC50,nM,UO_0000065,,449.0
,,18527750,[],CHEMBL4194629,Binding affinity to human FR-alpha receptor expressed in Chinese hamster RT16 cells assessed as antiproliferative activity measured as reduction in cell viability after 96 hrs by Cell-Titer Blue assay,B,,,BAO_0000190,BAO_0000219,cell-based format,Nc1nc2[nH]c(CCC#Cc3ccc(C(=O)N[C@@H](CCC(=O)O)C(=O)O)nc3)cc2c(=O)[nH]1,,,CHEMBL4190373,J Med Chem,2018,"{'bei': '18.46', 'le': '0.35', 'lle': '8.09', 'sei': '4.09'}",CHEMBL4213181,,CHEMBL4213181,8.35,0,http://www.openphacts.org/units/Nanomolar,3076250,=,1,1,=,,IC50,nM,,4.43,CHEMBL2121,Homo sapiens,Folate receptor alpha,9606,,,IC50,nM,UO_0000065,,4.43
,,18527755,[],CHEMBL4194629,Binding affinity to human FR-alpha receptor expressed in Chinese hamster RT16 cells assessed as antiproliferative activity measured as reduction in cell viability after 96 hrs by Cell-Titer Blue assay,B,,,BAO_0000190,BAO_0000219,cell-based format,C#CCC(Cc1cnc2nc(N)nc(N)c2n1)c1ccc(C(=O)N[C@@H](CCC(=O)O)C(=O)O)cc1,,,CHEMBL4190373,J Med Chem,2018,"{'bei': '14.19', 'le': '0.26', 'lle': '5.79', 'sei': '3.27'}",CHEMBL1201746,PRALATREXATE,CHEMBL1201746,6.78,0,http://www.openphacts.org/units/Nanomolar,3076255,=,1,1,=,,IC50,nM,,168.0,CHEMBL2121,Homo sapiens,Folate receptor alpha,9606,,,IC50,nM,UO_0000065,,168.0
,,18863133,[],CHEMBL4309285,Binding affinity to human FRalpha expressed in Chinese hamster RT16 cells assessed as antiproliferative activity measured as reduction in cell growth after 96 hrs by Cell-Titer Blue assay,B,,,BAO_0000190,BAO_0000219,cell-based format,Nc1nc2[nH]c(CCCc3ccc(C(=O)N[C@@H](CCC(=O)O)C(=O)O)cc3)cc2c(=O)[nH]1,,,CHEMBL4308835,J Med Chem,2018,"{'bei': '19.00', 'le': '0.36', 'lle': '7.33', 'sei': '4.39'}",CHEMBL192632,,CHEMBL192632,8.39,0,http://www.openphacts.org/units/Nanomolar,3148754,=,1,1,=,,IC50,nM,,4.1,CHEMBL2121,Homo sapiens,Folate receptor alpha,9606,,,IC50,nM,UO_0000065,,4.1
,,18863135,[],CHEMBL4309285,Binding affinity to human FRalpha expressed in Chinese hamster RT16 cells assessed as antiproliferative activity measured as reduction in cell growth after 96 hrs by Cell-Titer Blue assay,B,,,BAO_0000190,BAO_0000219,cell-based format,Nc1nc2[nH]c(CCCCc3csc(C(=O)N[C@@H](CCC(=O)O)C(=O)O)c3)cc2c(=O)[nH]1,,,CHEMBL4308835,J Med Chem,2018,"{'bei': '18.64', 'le': '0.37', 'lle': '7.09', 'sei': '4.50'}",CHEMBL2158681,,CHEMBL2158681,8.60,0,http://www.openphacts.org/units/Nanomolar,3148756,=,1,1,=,,IC50,nM,,2.5,CHEMBL2121,Homo sapiens,Folate receptor alpha,9606,,,IC50,nM,UO_0000065,,2.5
,,18863137,[],CHEMBL4309285,Binding affinity to human FRalpha expressed in Chinese hamster RT16 cells assessed as antiproliferative activity measured as reduction in cell growth after 96 hrs by Cell-Titer Blue assay,B,,,BAO_0000190,BAO_0000219,cell-based format,Nc1nc2[nH]c(CCCCc3ccc(C(=O)N[C@@H](CCC(=O)O)C(=O)O)cc3F)cc2c(=O)[nH]1,,,CHEMBL4308835,J Med Chem,2018,"{'bei': '18.70', 'le': '0.36', 'lle': '7.26', 'sei': '4.63'}",CHEMBL4441626,,CHEMBL4441626,8.85,0,http://www.openphacts.org/units/Nanomolar,3148758,=,1,1,=,,IC50,nM,,1.4,CHEMBL2121,Homo sapiens,Folate receptor alpha,9606,,,IC50,nM,UO_0000065,,1.4
,,18863138,[],CHEMBL4309285,Binding affinity to human FRalpha expressed in Chinese hamster RT16 cells assessed as antiproliferative activity measured as reduction in cell growth after 96 hrs by Cell-Titer Blue assay,B,,,BAO_0000190,BAO_0000219,cell-based format,Nc1nc2[nH]c(CCCCc3ccc(C(=O)N[C@@H](CCC(=O)O)C(=O)O)c(F)c3)cc2c(=O)[nH]1,,,CHEMBL4308835,J Med Chem,2018,"{'bei': '19.51', 'le': '0.37', 'lle': '7.65', 'sei': '4.83'}",CHEMBL4540298,,CHEMBL4540298,9.24,0,http://www.openphacts.org/units/Nanomolar,3148759,=,1,1,=,,IC50,nM,,0.58,CHEMBL2121,Homo sapiens,Folate receptor alpha,9606,,,IC50,nM,UO_0000065,,0.58
,,18863139,[],CHEMBL4309285,Binding affinity to human FRalpha expressed in Chinese hamster RT16 cells assessed as antiproliferative activity measured as reduction in cell growth after 96 hrs by Cell-Titer Blue assay,B,,,BAO_0000190,BAO_0000219,cell-based format,Nc1nc2[nH]c(CCCc3ccc(C(=O)N[C@@H](CCC(=O)O)C(=O)O)c(F)c3)cc2c(=O)[nH]1,,,CHEMBL4308835,J Med Chem,2018,"{'bei': '19.48', 'le': '0.37', 'lle': '7.75', 'sei': '4.68'}",CHEMBL4538151,,CHEMBL4538151,8.95,0,http://www.openphacts.org/units/Nanomolar,3148760,=,1,1,=,,IC50,nM,,1.12,CHEMBL2121,Homo sapiens,Folate receptor alpha,9606,,,IC50,nM,UO_0000065,,1.12
,,18863140,[],CHEMBL4309285,Binding affinity to human FRalpha expressed in Chinese hamster RT16 cells assessed as antiproliferative activity measured as reduction in cell growth after 96 hrs by Cell-Titer Blue assay,B,,,BAO_0000190,BAO_0000219,cell-based format,Nc1nc2[nH]c(CCCCc3cnc(C(=O)N[C@@H](CCC(=O)O)C(=O)O)c(F)c3)cc2c(=O)[nH]1,,,CHEMBL4308835,J Med Chem,2018,"{'bei': '19.31', 'le': '0.37', 'lle': '8.18', 'sei': '4.49'}",CHEMBL4557278,,CHEMBL4557278,9.16,0,http://www.openphacts.org/units/Nanomolar,3148761,=,1,1,=,,IC50,nM,,0.69,CHEMBL2121,Homo sapiens,Folate receptor alpha,9606,,,IC50,nM,UO_0000065,,0.69
,,18863141,[],CHEMBL4309285,Binding affinity to human FRalpha expressed in Chinese hamster RT16 cells assessed as antiproliferative activity measured as reduction in cell growth after 96 hrs by Cell-Titer Blue assay,B,,,BAO_0000190,BAO_0000219,cell-based format,Nc1nc2[nH]c(CCCCc3csc(C(=O)N[C@@H](CCC(=O)O)C(=O)O)c3F)cc2c(=O)[nH]1,,,CHEMBL4308835,J Med Chem,2018,"{'bei': '19.70', 'le': '0.39', 'lle': '7.79', 'sei': '4.94'}",CHEMBL4465095,,CHEMBL4465095,9.44,0,http://www.openphacts.org/units/Nanomolar,3148762,=,1,1,=,,IC50,nM,,0.36,CHEMBL2121,Homo sapiens,Folate receptor alpha,9606,,,IC50,nM,UO_0000065,,0.36
,,18863142,[],CHEMBL4309285,Binding affinity to human FRalpha expressed in Chinese hamster RT16 cells assessed as antiproliferative activity measured as reduction in cell growth after 96 hrs by Cell-Titer Blue assay,B,,,BAO_0000190,BAO_0000219,cell-based format,Nc1nc2[nH]c(CCCc3csc(C(=O)N[C@@H](CCC(=O)O)C(=O)O)c3F)cc2c(=O)[nH]1,,,CHEMBL4308835,J Med Chem,2018,"{'bei': '21.17', 'le': '0.42', 'lle': '8.59', 'sei': '5.15'}",CHEMBL4445651,,CHEMBL4445651,9.85,0,http://www.openphacts.org/units/Nanomolar,3148763,=,1,1,=,,IC50,nM,,0.14,CHEMBL2121,Homo sapiens,Folate receptor alpha,9606,,,IC50,nM,UO_0000065,,0.14
,,19288798,[],CHEMBL4410581,Binding affinity to human FRalpha expressed in Chinese hamster RT16 cells assessed as antiproliferative activity measured as reduction in cell growth after 96 hrs by Cell-Titer Blue assay,B,,,BAO_0000190,BAO_0000219,cell-based format,CN(Cc1cc2c(=O)[nH]c(N)nc2[nH]1)C(=O)c1ccc(C(=O)N[C@@H](CCC(=O)O)C(=O)O)cc1,,,CHEMBL4406895,Bioorg Med Chem,2019,"{'bei': '18.82', 'le': '0.36', 'lle': '8.70', 'sei': '4.18'}",CHEMBL4435608,,CHEMBL4435608,8.85,0,http://www.openphacts.org/units/Nanomolar,3220850,=,1,1,=,,IC50,nM,,1.4,CHEMBL2121,Homo sapiens,Folate receptor alpha,9606,,,IC50,nM,UO_0000065,,1.4
,,19288799,[],CHEMBL4410581,Binding affinity to human FRalpha expressed in Chinese hamster RT16 cells assessed as antiproliferative activity measured as reduction in cell growth after 96 hrs by Cell-Titer Blue assay,B,,,BAO_0000190,BAO_0000219,cell-based format,CN(Cc1cc2c(=O)[nH]c(N)nc2[nH]1)C(=O)c1cccc(C(=O)N[C@@H](CCC(=O)O)C(=O)O)c1,,,CHEMBL4406895,Bioorg Med Chem,2019,"{'bei': '18.60', 'le': '0.35', 'lle': '8.60', 'sei': '4.14'}",CHEMBL4562619,,CHEMBL4562619,8.75,0,http://www.openphacts.org/units/Nanomolar,3220851,=,1,1,=,,IC50,nM,,1.78,CHEMBL2121,Homo sapiens,Folate receptor alpha,9606,,,IC50,nM,UO_0000065,,1.78
,,19288801,[],CHEMBL4410581,Binding affinity to human FRalpha expressed in Chinese hamster RT16 cells assessed as antiproliferative activity measured as reduction in cell growth after 96 hrs by Cell-Titer Blue assay,B,,,BAO_0000190,BAO_0000219,cell-based format,CN(Cc1cc2c(=O)[nH]c(N)nc2[nH]1)C(=O)c1ccc(C(=O)N[C@@H](CCC(=O)O)C(=O)O)s1,,,CHEMBL4406895,Bioorg Med Chem,2019,"{'bei': '17.02', 'le': '0.34', 'lle': '7.90', 'sei': '3.83'}",CHEMBL4515056,,CHEMBL4515056,8.11,0,http://www.openphacts.org/units/Nanomolar,3220854,=,1,1,=,,IC50,nM,,7.78,CHEMBL2121,Homo sapiens,Folate receptor alpha,9606,,,IC50,nM,UO_0000065,,7.78
,,19288803,[],CHEMBL4410581,Binding affinity to human FRalpha expressed in Chinese hamster RT16 cells assessed as antiproliferative activity measured as reduction in cell growth after 96 hrs by Cell-Titer Blue assay,B,,,BAO_0000190,BAO_0000219,cell-based format,CN(Cc1cc2c(=O)[nH]c(N)nc2[nH]1)C(=O)c1cc(C(=O)N[C@@H](CCC(=O)O)C(=O)O)cs1,,,CHEMBL4406895,Bioorg Med Chem,2019,"{'bei': '12.72', 'le': '0.25', 'lle': '5.85', 'sei': '2.87'}",CHEMBL4476555,,CHEMBL4476555,6.06,0,http://www.openphacts.org/units/Nanomolar,3220856,=,1,1,=,,IC50,nM,,867.0,CHEMBL2121,Homo sapiens,Folate receptor alpha,9606,,,IC50,nM,UO_0000065,,867.0
,,19442995,[],CHEMBL4432142,Inhibition of human FR-alpha receptor expressed in Chinese hamster RT16 cells assessed as antiproliferative activity measured as reduction in cell viability after 96 hrs by Cell-Titer Blue fluorescence analysis,B,,,BAO_0000190,BAO_0000219,cell-based format,Nc1nc2[nH]c(CCSc3ccc(C(=O)N[C@@H](CCC(=O)O)C(=O)O)cc3)cc2c(=O)[nH]1,,,CHEMBL4431326,J Med Chem,2016,"{'bei': '20.22', 'le': '0.40', 'lle': '8.07', 'sei': '4.86'}",CHEMBL4467936,,CHEMBL4467936,9.29,0,http://www.openphacts.org/units/Nanomolar,3248014,=,1,1,=,,IC50,nM,,0.51,CHEMBL2121,Homo sapiens,Folate receptor alpha,9606,,,IC50,nM,UO_0000065,,0.51
,,19443021,[],CHEMBL4432142,Inhibition of human FR-alpha receptor expressed in Chinese hamster RT16 cells assessed as antiproliferative activity measured as reduction in cell viability after 96 hrs by Cell-Titer Blue fluorescence analysis,B,,,BAO_0000190,BAO_0000219,cell-based format,Nc1nc2[nH]c(CCNc3ccc(C(=O)N[C@@H](CCC(=O)O)C(=O)O)cc3)cc2c(=O)[nH]1,,,CHEMBL4431326,J Med Chem,2016,"{'bei': '19.25', 'le': '0.36', 'lle': '7.98', 'sei': '4.19'}",CHEMBL4437824,,CHEMBL4437824,8.52,0,http://www.openphacts.org/units/Nanomolar,3248009,=,1,1,=,,IC50,nM,,3.04,CHEMBL2121,Homo sapiens,Folate receptor alpha,9606,,,IC50,nM,UO_0000065,,3.04
,,19443022,[],CHEMBL4432142,Inhibition of human FR-alpha receptor expressed in Chinese hamster RT16 cells assessed as antiproliferative activity measured as reduction in cell viability after 96 hrs by Cell-Titer Blue fluorescence analysis,B,,,BAO_0000190,BAO_0000219,cell-based format,Nc1nc2[nH]c(CCN(C=O)c3ccc(C(=O)N[C@@H](CCC(=O)O)C(=O)O)cc3)cc2c(=O)[nH]1,,,CHEMBL4431326,J Med Chem,2016,"{'bei': '18.11', 'le': '0.34', 'lle': '8.43', 'sei': '4.03'}",CHEMBL4471269,,CHEMBL4471269,8.52,0,http://www.openphacts.org/units/Nanomolar,3248010,=,1,1,=,,IC50,nM,,3.01,CHEMBL2121,Homo sapiens,Folate receptor alpha,9606,,,IC50,nM,UO_0000065,,3.01
,,19443023,[],CHEMBL4432142,Inhibition of human FR-alpha receptor expressed in Chinese hamster RT16 cells assessed as antiproliferative activity measured as reduction in cell viability after 96 hrs by Cell-Titer Blue fluorescence analysis,B,,,BAO_0000190,BAO_0000219,cell-based format,CC(=O)N(CCc1cc2c(=O)[nH]c(N)nc2[nH]1)c1ccc(C(=O)N[C@@H](CCC(=O)O)C(=O)O)cc1,,,CHEMBL4431326,J Med Chem,2016,"{'bei': '17.16', 'le': '0.32', 'lle': '7.83', 'sei': '3.93'}",CHEMBL4444011,,CHEMBL4444011,8.31,0,http://www.openphacts.org/units/Nanomolar,3248011,=,1,1,=,,IC50,nM,,4.87,CHEMBL2121,Homo sapiens,Folate receptor alpha,9606,,,IC50,nM,UO_0000065,,4.87
,,19443024,[],CHEMBL4432142,Inhibition of human FR-alpha receptor expressed in Chinese hamster RT16 cells assessed as antiproliferative activity measured as reduction in cell viability after 96 hrs by Cell-Titer Blue fluorescence analysis,B,,,BAO_0000190,BAO_0000219,cell-based format,Nc1nc2[nH]c(CCN(C(=O)C(F)(F)F)c3ccc(C(=O)N[C@@H](CCC(=O)O)C(=O)O)cc3)cc2c(=O)[nH]1,,,CHEMBL4431326,J Med Chem,2016,"{'bei': '16.65', 'le': '0.32', 'lle': '7.95', 'sei': '4.24'}",CHEMBL4553188,,CHEMBL4553188,8.97,0,http://www.openphacts.org/units/Nanomolar,3248012,=,1,1,=,,IC50,nM,,1.08,CHEMBL2121,Homo sapiens,Folate receptor alpha,9606,,,IC50,nM,UO_0000065,,1.08
,,19443025,[],CHEMBL4432142,Inhibition of human FR-alpha receptor expressed in Chinese hamster RT16 cells assessed as antiproliferative activity measured as reduction in cell viability after 96 hrs by Cell-Titer Blue fluorescence analysis,B,,,BAO_0000190,BAO_0000219,cell-based format,Nc1nc2[nH]c(CCOc3ccc(C(=O)N[C@@H](CCC(=O)O)C(=O)O)cc3)cc2c(=O)[nH]1,,,CHEMBL4431326,J Med Chem,2016,"{'bei': '19.67', 'le': '0.37', 'lle': '8.22', 'sei': '4.35'}",CHEMBL4447805,,CHEMBL4447805,8.72,0,http://www.openphacts.org/units/Nanomolar,3248013,=,1,1,=,,IC50,nM,,1.89,CHEMBL2121,Homo sapiens,Folate receptor alpha,9606,,,IC50,nM,UO_0000065,,1.89
"{'action_type': 'INHIBITOR', 'description': 'Negatively effects (inhibits) the normal functioning of the protein e.g., prevention of enzymatic reaction or activation of downstream pathway', 'parent_type': 'NEGATIVE MODULATOR'}",,22815331,"[{'comments': None, 'relation': '=', 'result_flag': 0, 'standard_relation': '=', 'standard_text_value': None, 'standard_type': 'TIME', 'standard_units': 'hr', 'standard_value': '96.0', 'text_value': None, 'type': 'Time', 'units': 'hrs', 'value': '96.0'}]",CHEMBL4714598,Inhibition of human FRalpha expressed in Chinese Hamster MTXRII-OuaR2-4 R2 cells assessed as reduction in cell proliferation after 96 hrs by CellTiter-blue assay,B,,,BAO_0000190,BAO_0000219,cell-based format,Nc1nc2sc(CCCc3csc(C(=O)N[C@@H](CCC(=O)O)C(=O)O)c3)cc2c(=O)[nH]1,,,CHEMBL4706714,Bioorg Med Chem,2021,"{'bei': '20.14', 'le': '0.41', 'lle': '7.51', 'sei': '5.33'}",CHEMBL4759798,,CHEMBL4759798,9.36,0,http://www.openphacts.org/units/Nanomolar,3543652,=,1,1,=,,IC50,nM,,0.44,CHEMBL2121,Homo sapiens,Folate receptor alpha,9606,,,IC50,nM,UO_0000065,,0.44
"{'action_type': 'INHIBITOR', 'description': 'Negatively effects (inhibits) the normal functioning of the protein e.g., prevention of enzymatic reaction or activation of downstream pathway', 'parent_type': 'NEGATIVE MODULATOR'}",,22815332,"[{'comments': None, 'relation': '=', 'result_flag': 0, 'standard_relation': '=', 'standard_text_value': None, 'standard_type': 'TIME', 'standard_units': 'hr', 'standard_value': '96.0', 'text_value': None, 'type': 'Time', 'units': 'hrs', 'value': '96.0'}]",CHEMBL4714598,Inhibition of human FRalpha expressed in Chinese Hamster MTXRII-OuaR2-4 R2 cells assessed as reduction in cell proliferation after 96 hrs by CellTiter-blue assay,B,,,BAO_0000190,BAO_0000219,cell-based format,Nc1nc2sc(CCCCc3ccc(C(=O)N[C@@H](CCC(=O)O)C(=O)O)cc3)cc2c(=O)[nH]1,,,CHEMBL4706714,Bioorg Med Chem,2021,"{'bei': '17.03', 'le': '0.33', 'lle': '5.87', 'sei': '4.59'}",CHEMBL491104,,CHEMBL491104,8.05,0,http://www.openphacts.org/units/Nanomolar,3543648,=,1,1,=,,IC50,nM,,9.0,CHEMBL2121,Homo sapiens,Folate receptor alpha,9606,,,IC50,nM,UO_0000065,,9.0
"{'action_type': 'INHIBITOR', 'description': 'Negatively effects (inhibits) the normal functioning of the protein e.g., prevention of enzymatic reaction or activation of downstream pathway', 'parent_type': 'NEGATIVE MODULATOR'}",,22815333,"[{'comments': None, 'relation': '=', 'result_flag': 0, 'standard_relation': '=', 'standard_text_value': None, 'standard_type': 'TIME', 'standard_units': 'hr', 'standard_value': '96.0', 'text_value': None, 'type': 'Time', 'units': 'hrs', 'value': '96.0'}]",CHEMBL4714598,Inhibition of human FRalpha expressed in Chinese Hamster MTXRII-OuaR2-4 R2 cells assessed as reduction in cell proliferation after 96 hrs by CellTiter-blue assay,B,,,BAO_0000190,BAO_0000219,cell-based format,Nc1nc2sc(CCCCc3ccc(C(=O)N[C@@H](CCC(=O)O)C(=O)O)s3)cc2c(=O)[nH]1,,,CHEMBL4706714,Bioorg Med Chem,2021,"{'bei': '17.96', 'le': '0.37', 'lle': '6.35', 'sei': '4.90'}",CHEMBL4741259,,CHEMBL4741259,8.59,0,http://www.openphacts.org/units/Nanomolar,3543649,=,1,1,=,,IC50,nM,,2.55,CHEMBL2121,Homo sapiens,Folate receptor alpha,9606,,,IC50,nM,UO_0000065,,2.55
"{'action_type': 'INHIBITOR', 'description': 'Negatively effects (inhibits) the normal functioning of the protein e.g., prevention of enzymatic reaction or activation of downstream pathway', 'parent_type': 'NEGATIVE MODULATOR'}",,22815334,"[{'comments': None, 'relation': '=', 'result_flag': 0, 'standard_relation': '=', 'standard_text_value': None, 'standard_type': 'TIME', 'standard_units': 'hr', 'standard_value': '96.0', 'text_value': None, 'type': 'Time', 'units': 'hrs', 'value': '96.0'}]",CHEMBL4714598,Inhibition of human FRalpha expressed in Chinese Hamster MTXRII-OuaR2-4 R2 cells assessed as reduction in cell proliferation after 96 hrs by CellTiter-blue assay,B,,,BAO_0000190,BAO_0000219,cell-based format,Nc1nc2sc(CCCCc3ccc(C(=O)N[C@@H](CCC(=O)O)C(=O)O)o3)cc2c(=O)[nH]1,,,CHEMBL4706714,Bioorg Med Chem,2021,"{'bei': '17.25', 'le': '0.34', 'lle': '6.21', 'sei': '4.23'}",CHEMBL4789686,,CHEMBL4789686,7.98,0,http://www.openphacts.org/units/Nanomolar,3543650,=,1,1,=,,IC50,nM,,10.5,CHEMBL2121,Homo sapiens,Folate receptor alpha,9606,,,IC50,nM,UO_0000065,,10.5
"{'action_type': 'INHIBITOR', 'description': 'Negatively effects (inhibits) the normal functioning of the protein e.g., prevention of enzymatic reaction or activation of downstream pathway', 'parent_type': 'NEGATIVE MODULATOR'}",,22815335,"[{'comments': None, 'relation': '=', 'result_flag': 0, 'standard_relation': '=', 'standard_text_value': None, 'standard_type': 'TIME', 'standard_units': 'hr', 'standard_value': '96.0', 'text_value': None, 'type': 'Time', 'units': 'hrs', 'value': '96.0'}]",CHEMBL4714598,Inhibition of human FRalpha expressed in Chinese Hamster MTXRII-OuaR2-4 R2 cells assessed as reduction in cell proliferation after 96 hrs by CellTiter-blue assay,B,,,BAO_0000190,BAO_0000219,cell-based format,Nc1nc2sc(CCCc3ccc(C(=O)N[C@@H](CCC(=O)O)C(=O)O)s3)cc2c(=O)[nH]1,,,CHEMBL4706714,Bioorg Med Chem,2021,"{'bei': '20.38', 'le': '0.42', 'lle': '7.62', 'sei': '5.40'}",CHEMBL4790375,,CHEMBL4790375,9.47,0,http://www.openphacts.org/units/Nanomolar,3543651,=,1,1,=,,IC50,nM,,0.34,CHEMBL2121,Homo sapiens,Folate receptor alpha,9606,,,IC50,nM,UO_0000065,,0.34
"{'action_type': 'INHIBITOR', 'description': 'Negatively effects (inhibits) the normal functioning of the protein e.g., prevention of enzymatic reaction or activation of downstream pathway', 'parent_type': 'NEGATIVE MODULATOR'}",,22815336,"[{'comments': None, 'relation': '=', 'result_flag': 0, 'standard_relation': '=', 'standard_text_value': None, 'standard_type': 'TIME', 'standard_units': 'hr', 'standard_value': '96.0', 'text_value': None, 'type': 'Time', 'units': 'hrs', 'value': '96.0'}]",CHEMBL4714598,Inhibition of human FRalpha expressed in Chinese Hamster MTXRII-OuaR2-4 R2 cells assessed as reduction in cell proliferation after 96 hrs by CellTiter-blue assay,B,,,BAO_0000190,BAO_0000219,cell-based format,Nc1nc2sc(CCCCc3csc(C(=O)N[C@@H](CCC(=O)O)C(=O)O)c3)cc2c(=O)[nH]1,,,CHEMBL4706714,Bioorg Med Chem,2021,"{'bei': '17.24', 'le': '0.35', 'lle': '6.01', 'sei': '4.70'}",CHEMBL4755197,,CHEMBL4755197,8.25,0,http://www.openphacts.org/units/Nanomolar,3543655,=,1,1,=,,IC50,nM,,5.62,CHEMBL2121,Homo sapiens,Folate receptor alpha,9606,,,IC50,nM,UO_0000065,,5.62
"{'action_type': 'INHIBITOR', 'description': 'Negatively effects (inhibits) the normal functioning of the protein e.g., prevention of enzymatic reaction or activation of downstream pathway', 'parent_type': 'NEGATIVE MODULATOR'}",,22815337,"[{'comments': None, 'relation': '=', 'result_flag': 0, 'standard_relation': '=', 'standard_text_value': None, 'standard_type': 'TIME', 'standard_units': 'hr', 'standard_value': '96.0', 'text_value': None, 'type': 'Time', 'units': 'hrs', 'value': '96.0'}]",CHEMBL4714598,Inhibition of human FRalpha expressed in Chinese Hamster MTXRII-OuaR2-4 R2 cells assessed as reduction in cell proliferation after 96 hrs by CellTiter-blue assay,B,,,BAO_0000190,BAO_0000219,cell-based format,Nc1nc2sc(CCCCc3cc(C(=O)N[C@@H](CCC(=O)O)C(=O)O)cs3)cc2c(=O)[nH]1,,,CHEMBL4706714,Bioorg Med Chem,2021,"{'bei': '18.89', 'le': '0.39', 'lle': '6.80', 'sei': '5.15'}",CHEMBL4783397,,CHEMBL4783397,9.04,0,http://www.openphacts.org/units/Nanomolar,3543654,=,1,1,=,,IC50,nM,,0.91,CHEMBL2121,Homo sapiens,Folate receptor alpha,9606,,,IC50,nM,UO_0000065,,0.91
"{'action_type': 'INHIBITOR', 'description': 'Negatively effects (inhibits) the normal functioning of the protein e.g., prevention of enzymatic reaction or activation of downstream pathway', 'parent_type': 'NEGATIVE MODULATOR'}",,22815338,"[{'comments': None, 'relation': '=', 'result_flag': 0, 'standard_relation': '=', 'standard_text_value': None, 'standard_type': 'TIME', 'standard_units': 'hr', 'standard_value': '96.0', 'text_value': None, 'type': 'Time', 'units': 'hrs', 'value': '96.0'}]",CHEMBL4714598,Inhibition of human FRalpha expressed in Chinese Hamster MTXRII-OuaR2-4 R2 cells assessed as reduction in cell proliferation after 96 hrs by CellTiter-blue assay,B,,,BAO_0000190,BAO_0000219,cell-based format,Nc1nc2sc(CCCc3cc(C(=O)N[C@@H](CCC(=O)O)C(=O)O)cs3)cc2c(=O)[nH]1,,,CHEMBL4706714,Bioorg Med Chem,2021,"{'bei': '19.30', 'le': '0.40', 'lle': '7.12', 'sei': '5.11'}",CHEMBL4761741,,CHEMBL4761741,8.97,0,http://www.openphacts.org/units/Nanomolar,3543653,=,1,1,=,,IC50,nM,,1.08,CHEMBL2121,Homo sapiens,Folate receptor alpha,9606,,,IC50,nM,UO_0000065,,1.08
"{'action_type': 'BINDING AGENT', 'description': 'Binds to a substance such as a cell surface antigen, targetting a drug to that location, but not necessarily affecting the functioning of the substance itself', 'parent_type': 'OTHER'}",,23211011,"[{'comments': None, 'relation': '=', 'result_flag': 0, 'standard_relation': '=', 'standard_text_value': None, 'standard_type': 'TIME', 'standard_units': 'hr', 'standard_value': '1.0', 'text_value': None, 'type': 'Time', 'units': 'hrs', 'value': '1.0'}]",CHEMBL4822692,Displacement of [3H]-folic acid from FRalpha (unknown origin) expressed in human KB cells after 1 hr,B,,,BAO_0000190,BAO_0000219,cell-based format,CC1=C[C@H]2O[C@@H]3C[C@H]4OC(=O)/C=C\C=C\C(=O)OCC[C@@H](C)[C@H](OC(=O)OCCSSC[C@H](NC(=O)[C@H](CC(=O)O)NC(=O)[C@H](CC(=O)O)NC(=O)[C@H](CCCNC(=N)N)NC(=O)[C@H](CC(=O)O)NC(=O)CC[C@H](NC(=O)c5ccc(NCc6cnc7nc(N)[nH]c(=O)c7n6)cc5)C(=O)O)C(=O)O)C(=O)OC[C@@]2(CC1)[C@]4(C)[C@]31CO1,,,CHEMBL4819124,Bioorg Med Chem Lett,2021,"{'bei': '4.94', 'le': None, 'lle': None, 'sei': None}",CHEMBL4866304,,CHEMBL4866304,8.16,0,http://www.openphacts.org/units/Nanomolar,3610001,=,1,1,=,,IC50,nM,,6.9,CHEMBL2121,Homo sapiens,Folate receptor alpha,9606,,,IC50,nM,UO_0000065,,6.9
"{'action_type': 'BINDING AGENT', 'description': 'Binds to a substance such as a cell surface antigen, targetting a drug to that location, but not necessarily affecting the functioning of the substance itself', 'parent_type': 'OTHER'}",,23211012,"[{'comments': None, 'relation': '=', 'result_flag': 0, 'standard_relation': '=', 'standard_text_value': None, 'standard_type': 'TIME', 'standard_units': 'hr', 'standard_value': '1.0', 'text_value': None, 'type': 'Time', 'units': 'hrs', 'value': '1.0'}]",CHEMBL4822692,Displacement of [3H]-folic acid from FRalpha (unknown origin) expressed in human KB cells after 1 hr,B,,,BAO_0000190,BAO_0000219,cell-based format,N=C(N)NCCC[C@H](NC(=O)[C@H](CC(=O)O)NC(=O)CC[C@H](NC(=O)c1ccc(NCc2cnc3nc(N)[nH]c(=O)c3n2)cc1)C(=O)O)C(=O)N[C@@H](CC(=O)O)C(=O)N[C@@H](CC(=O)O)C(=O)N[C@@H](CS)C(=O)O,,,CHEMBL4819124,Bioorg Med Chem Lett,2021,"{'bei': '8.46', 'le': None, 'lle': None, 'sei': None}",CHEMBL4852455,,CHEMBL4852455,8.85,0,http://www.openphacts.org/units/Nanomolar,3610002,=,1,1,=,,IC50,nM,,1.4,CHEMBL2121,Homo sapiens,Folate receptor alpha,9606,,,IC50,nM,UO_0000065,,1.4
